{
"PersonCollection": [
		{
			"FirstName": "George",
			"LastName": "Washington",
			"Title": "1st U.S. President",
			"ContactPicUrl": "http://upload.wikimedia.org/wikipedia/commons/2/25/George_Washington_as_CIC_of_the_Continental_Army_bust.jpg",
			"Description": "George Washington was the first President of the United States, the commander-in-chief of the Continental Army during the American Revolutionary War, and one of the Founding Fathers of the United States."
		},
		{
			"FirstName": "Alexandrina",
			"LastName": "Victoria",
			"Title": "Former Queen regnant",
			"ContactPicUrl": "http://upload.wikimedia.org/wikipedia/commons/a/aa/Dronning_victoria.jpg",
			"Description": "Queen Victoria was the monarch of the United Kingdom of Great Britain and Ireland from 20 June 1837 until her death. From 1 May 1876, she used the additional 'Title' of Empress of India."
		},
		{
			"FirstName": "Friedrich",
			"LastName": "Der GroÃŸe",
			"Title": "King of Prussia 1740-1786",
			"ContactPicUrl": "http://upload.wikimedia.org/wikipedia/commons/f/fc/Frederic_II_de_prusse.jpg",
			"Description": "Frederick II was King in Prussia of the Hohenzollern dynasty. He is best known for his brilliance in military campaigning and organization of Prussian armies. He became known as Frederick the Great and was nicknamed Der Alte Fritz."
		}
	]
}