{
	"ViewsCollection": [
		{
			"icon": "play",
			"number": "1",
			"title": "Resources",
			"info": "Resources"
		},
		{
			"icon": "play",
			"number": "2",
			"title": "Weather",
			"info": "Weather"
		},
		{
			"icon": "play",
			"number": "3",
			"title": "Buttons and Toolbars",
			"info": "Buttons"
        },
		{
			"icon": "play",
			"number": "4",
			"title": "Tables",
			"info": "Tables"
        },
		{
			"icon": "play",
			"number": "5",
			"title": "Lists",
			"info": "Lists"
        },
		{
			"icon": "play",
			"number": "6",
			"title": "Google Map",
			"info": "GoogleMap"
        },
		{
			"icon": "play",
			"number": "6",
			"title": "Forms",
			"info": "Forms"
        },
		{
			"icon": "play",
			"number": "7",
			"title": "Grids",
			"info": "Grids"
        },
		{
			"icon": "play",
			"number": "8",
			"title": "FlexBox",
			"info": "FlexBox"
        },
		{
			"icon": "play",
			"number": "8",
			"title": "IconTab",
			"info": "IconTab"
        }

	],
	"ExerciseCollection": [
		{
			"icon": "play",
			"number": "1",
			"title": "Hello World",
			"info": "HelloWorld"
		}
    ]
}