{
    "HelloCollection": [
        {
            "Language" : "English",
            "Greeting" : "Hello World!",
            "Variations" : [
                {
                    "Language" : "English",
                    "Greeting" : "Tootles!"
                },
                {
                    "Language" : "English",
                    "Greeting" : "Yo!"
                }
            ]
        },
        {
            "Language" : "français",
            "Greeting" : "Bonjour le monde!"
        }
    ]
} 